decade,Masculino,Feminino,total,female_pct
1980,15000,5000,20000,25.0
1990,18000,8000,26000,30.76923076923077
2000,22000,12000,34000,35.294117647058826
2010,25000,18000,43000,41.86046511627907
2020,28000,24000,52000,46.15384615384615
2024,30000,28000,58000,48.275862068965516
